{
    "$schema": "http://json-schema.org/draft-07/schema#",
    "id": "MRecommendGoods",
    "type": "object",
    "title": "配置分类条",
    "description": "分别配置每个分类的名称以及图片链接，最多配置10组，最少配置3组",
    "properties": {
        "title": {
            "title": "推荐名称",
            "type": "string",
            "default": "限时抢购",
            "ui:options": {
                "placeholder": "请输入推荐名称"
            }
        },
        "imgList": {
            "type": "array",
            "minItems": 2,
            "maxItems": 4,
            "items": {
                "type": "object",
                "title": "配置图片和连接",
                "required": [
                    "imgUrl",
                    "imgLink"
                ],
                "ui:field": "LinkImgField",
                "properties": {
                    "imgUrl": {
                        "type": "string",
                        "format": "uri",
                        "default": "https://img.alicdn.com/tfs/TB1vYlkdnZmx1VjSZFGXXax2XXa-468-644.jpg_320x5000q100.jpg_.webp",
                        "err:format": "请输入正确的的图片地址"
                    },
                    "imgLink": {
                        "type": "string",
                        "format": "uri",
                        "default": "https://www.tmall.com",
                        "err:format": "请输入正确的的链接地址"
                    }
                }
            }
        }
    },
    "additionalProperties": false
}
