{
    "$schema": "http://json-schema.org/draft-07/schema#",
    "id": "MCarouselImg",
    "type": "object",
    "properties": {
        "imgList": {
            "type": "array",
            "minItems": 1,
            "maxItems": 4,
            "items": {
                "type": "object",
                "properties": {
                    "imgUrl": {
                        "type": "string",
                        "format": "uri",
                        "default": "https://m.360buyimg.com/babel/jfs/t1/116779/33/13215/494116/5f19a54fE4e3bf7cc/8a2a7b0732385d19.jpg.webp"
                    },
                    "imgLink": {
                        "type": "string",
                        "format": "uri",
                        "default": "https://www.google.com"
                    }
                },
                "required": [
                    "imgUrl",
                    "imgLink"
                ]
            }
        }
    },
    "additionalProperties": false
}
